{"train_loss": [605.8596291542053, 558.617401599884, 490.57903242111206, 481.72506618499756, 471.3615708351135, 453.64271092414856, 443.25636315345764, 437.12379574775696, 432.0274119377136, 424.3978064060211, 413.6108093261719, 407.4850552082062, 399.31604743003845, 390.96275424957275, 384.3403079509735, 377.64743065834045, 370.77897024154663, 365.1359586715698, 357.764356136322, 350.6870014667511], "val_loss": [4.556233746664865, 3.7801830555711473, 3.6836273287023817, 3.622091233730316, 3.5290642295564925, 3.4098388722964694, 3.357406143631254, 3.3201334519045695, 3.292686355965478, 3.2144526754106795, 3.161936410835811, 3.089275219610759, 3.0666953240122115, 3.0027218205588206, 2.9981905775410786, 2.9347342806203023, 2.9127169208867207, 2.9604140434946333, 2.850846665246146, 2.8423398477690562], "kappa": [0.0, 3.4943836562572677, 5.755946279665452, 10.13116188764374, 11.942883405948617, 13.074822645892553, 14.806602853886238, 15.277281022740025, 15.105034273308654, 17.324619248888983, 19.06423914008562, 21.59618790424807, 22.040527890418886, 23.088402247048524, 24.091674047980337, 24.926975534439737, 25.72318410005627, 23.993224805774755, 27.780458044057198, 27.915219528128382]}