{"train_loss": [69.00479888916016], "val_loss": [2.296837256504939], "kappa": [0.0]}