{"train_loss": [6478.25334072113, 6182.422350406647, 6033.583878993988, 6021.703241348267, 5895.400102615356, 5639.697717189789, 5574.109630584717, 5491.909792423248, 5453.00333738327, 5411.171468257904, 5344.403500556946, 5294.566376686096, 5241.594592094421, 5195.924278259277, 5147.930472373962, 5091.731162548065, 5033.560555934906, 4968.350205898285, 4892.910027980804, 4821.462758541107, 4750.045397281647, 4670.6585874557495, 4582.501266479492, 4495.755365848541, 4400.597314834595, 4293.872032165527, 4179.988400220871, 4054.6426384449005, 3921.9146649837494, 3776.00897026062, 3616.9905495643616, 3446.0860238075256, 3250.3612565994263, 3037.587089538574], "val_loss": [7.325978865699162, 6.852641138450179, 6.828937739922256, 6.8105548727449285, 6.4703773506104, 6.347878058751424, 6.256116241374344, 6.216435511906941, 6.182152301546127, 6.122470979337339, 6.07326963212755, 6.027427905451053, 5.984279438301369, 5.956450705805784, 5.909191262785089, 5.866332175239684, 5.830486322836901, 5.77086862559041, 5.728550629641013, 5.679109592286367, 5.680439387679731, 5.677938147196694, 5.6057596635566185, 5.570068838735106, 5.5878812421566595, 5.593259711744924, 5.534761181584111, 5.5804327518220935, 5.612598639947397, 5.622771009566292, 5.719505969809477, 5.759435798756029, 5.892054185665474, 6.047560037128509], "kappa": [0.6893440133709439, 0.0, 0.0, 0.0, 2.144503053748669, 2.1842474515056343, 2.569000208134586, 2.693597433608471, 2.6879327847547447, 2.8314742040811414, 3.0798335068043245, 3.057005562155229, 3.2035474108032216, 3.5459610568823936, 3.8729717565482518, 4.100568304664016, 4.2300363902965685, 4.579918668557443, 5.373870843737493, 5.69407468603544, 5.738112371684139, 6.2489395814851845, 7.142451541143618, 8.05441329524194, 8.600389324073122, 9.238583692650638, 11.0024047982127, 11.648568511214636, 13.71561374587032, 15.966369430914865, 18.170828381017845, 20.101710310128837, 24.083299902082107, 27.52132506871882]}