{"mean_fit_time": [1.6108246326446534, 1.6340651035308837], "std_fit_time": [0.007450453509047938, 0.016886562262440362], "mean_score_time": [4.589780473709107, 4.808310317993164], "std_score_time": [0.019537682771720036, 0.03029470887624542], "param_leaf_size": [30, 30], "param_n_neighbors": [3, 4], "params": [{"leaf_size": 30, "n_neighbors": 3}, {"leaf_size": 30, "n_neighbors": 4}], "split0_test_score": [0.9582816773914241, 0.9408894465356197], "split1_test_score": [0.9749532342227035, 0.9579690318999187], "split2_test_score": [0.9504884979175587, 0.9418483904465212], "split3_test_score": [0.9318415275232129, 0.9228524530366587], "split4_test_score": [0.9747492836676218, 0.9747492836676218], "mean_test_score": [0.9580628441445043, 0.947661721117268], "std_test_score": [0.016178371951849804, 0.017522185934875242], "rank_test_score": [1, 2], "split0_train_score": [0.9792255827015572, 0.9644780501042296], "split1_train_score": [0.9708470650999443, 0.9645453549342627], "split2_train_score": [0.968670396792322, 0.964386766786375], "split3_train_score": [0.9771632171631681, 0.9665348792442213], "split4_train_score": [0.9688260573698634, 0.958186399849027], "mean_train_score": [0.9729464638253711, 0.9636262901836231], "std_train_score": [0.004401779554024524, 0.002835517477195898]}