{"mean_fit_time": [4.6593224048614506, 4.534860229492187], "std_fit_time": [0.009083790041357528, 0.025395219825022852], "mean_score_time": [17.52230477333069, 17.59264717102051], "std_score_time": [0.14177268491522202, 0.2187252501246719], "param_leaf_size": [30, 30], "param_n_neighbors": [3, 4], "params": [{"leaf_size": 30, "n_neighbors": 3}, {"leaf_size": 30, "n_neighbors": 4}], "split0_test_score": [0.9443435211186304, 0.9352817768717884], "split1_test_score": [0.9624338776887761, 0.9579183778016389], "split2_test_score": [0.9354081790084211, 0.9308666100110766], "split3_test_score": [0.9488409218280318, 0.9413022761208608], "split4_test_score": [0.9624052493473959, 0.9608790828084322], "mean_test_score": [0.9506863497982512, 0.9452496247227593], "std_test_score": [0.01051091433622318, 0.012054774395125957], "rank_test_score": [1, 2], "split0_train_score": [0.9756038952009591, 0.9662208137441552], "split1_train_score": [0.9714672858020446, 0.9613107079816537], "split2_train_score": [0.9718393900187271, 0.9680927314788972], "split3_train_score": [0.9703290378461189, 0.9661989455291811], "split4_train_score": [0.9710836918625783, 0.9650734096120607], "mean_train_score": [0.9720646601460855, 0.9653793216691895], "std_train_score": [0.0018389383378587386, 0.0022534278113405634]}