{"means": [0.9506863497982512, 0.9452496247227593], "stds": [0.01051091433622318, 0.012054774395125957], "params": [{"leaf_size": 30, "n_neighbors": 3}, {"leaf_size": 30, "n_neighbors": 4}]}