{"means": [0.9580628441445043, 0.947661721117268], "stds": [0.016178371951849804, 0.017522185934875242], "params": [{"leaf_size": 30, "n_neighbors": 3}, {"leaf_size": 30, "n_neighbors": 4}]}